airpol coef,airpol pval,depriv coef,depriv pval,lifest coef,lifest pval,unempl coef,unempl pval,hlthserv coef,hlthserv pval
-6.04909794,0.022876642,-8.249493938,1.21E-21,1.689332627,3.92E-05,-1.440017283,0.000325977,0.937226354,0.210123757
-7.219227201,0.004846621,-8.222106633,2.12E-24,1.720274139,2.61E-05,-1.707527053,3.32E-06,0.401993245,0.346351185
-8.402323494,0.001986133,-8.205122779,1.06E-22,1.599460215,0.000188606,-1.67987833,2.96E-06,0.424273456,0.346776461
-6.412267506,0.008574692,-8.294703159,1.15E-25,1.643908888,1.52E-05,-1.673582894,6.62E-06,0.561741699,0.297936189
-5.598767272,0.007296757,-8.520684145,6.21E-32,1.20584531,8.49E-05,-1.763612941,4.66E-07,0.585251644,0.28750924
-4.289896537,0.002496627,-7.800087301,7.55E-40,2.07923269,0.000137086,-2.901502753,2.68E-11,-0.267957187,0.384599492
-3.645974674,0.006496293,-7.91006356,1.25E-45,2.136143933,3.05E-05,-2.935641443,2.32E-13,0.292283215,0.379072903
-3.503421696,0.003614216,-7.816591836,3.77E-46,1.879072706,2.45E-07,-3.040931611,2.32E-14,1.304836195,0.06998604
-4.643157994,0.000193202,-7.209055654,2.39E-27,1.892765135,0.000262373,-2.658898346,6.34E-08,-0.378727071,0.345179313
-3.945373719,0.027578661,-6.674818509,7.85E-10,0.921396794,0.029291518,-2.440319509,0.002027408,-0.540125966,0.343323352
-3.796147732,0.014757777,-6.84631197,8.59E-12,1.197016622,0.008738193,-2.642903192,0.000458711,-0.012592054,0.398581661
-2.281433584,0.161618815,-6.160953498,6.78E-11,0.355800376,0.215243185,-1.869977464,0.010685862,-1.016116863,0.274691215
-3.476167177,0.032736897,-6.395269676,1.07E-15,0.808650575,0.028940688,-2.395676736,0.000225771,-0.041271686,0.398170587
-5.235714695,0.001413206,-7.282368221,4.69E-25,1.078548551,0.00658245,-2.346778865,1.60E-07,0.07821315,0.395887572
-7.227790573,1.10E-05,-7.098934141,1.12E-49,1.55191229,0.000107311,-2.746715728,1.11E-12,0.109005276,0.388569659
-7.06095413,1.11E-05,-6.871665408,2.60E-44,1.576458799,7.70E-06,-3.368880936,1.49E-11,-0.550399096,0.163886013
-5.706163911,0.001913315,-6.630082124,1.82E-35,1.141964319,0.000342323,-3.585653669,4.38E-08,-0.101838082,0.388853543
-7.940414875,3.14E-05,-7.143387597,3.43E-44,1.457191566,7.57E-05,-3.466624618,4.15E-11,-0.226317881,0.346355349
-3.884024542,0.060715493,-6.300754046,1.06E-14,0.172212308,0.306103626,-2.813453452,2.10E-06,-0.613747795,0.240434132
-3.979064581,0.002832231,-7.893017537,1.09E-34,1.095649552,0.003573305,-2.323500812,3.11E-10,-0.405996201,0.312451961
-4.740661843,0.000371604,-7.919858688,1.11E-44,2.030358268,1.55E-06,-2.48844114,1.20E-14,-0.317494807,0.341608382
-3.689844972,0.121928409,-5.609310714,1.81E-07,0.275387099,0.235026147,-1.760639907,0.068709139,-0.834209058,0.17273812
-3.753362857,0.150368138,-5.490494327,1.29E-06,0.179691222,0.31393831,-1.616312504,0.103702427,-0.98184853,0.141261025
-3.374299452,0.153900341,-5.579283927,3.81E-06,0.23734341,0.269419796,-1.249032043,0.195840931,-1.019033898,0.147180253
-4.016390238,0.127742204,-5.542237416,8.50E-08,0.133781584,0.345184398,-2.147196184,0.037278941,-0.984734831,0.134668079
-4.106767692,0.087191839,-9.486628025,6.07E-08,0.352688513,0.150014388,-4.01152823,0.004846367,-0.788094859,0.15437311
-6.108957853,0.022792843,-7.423207133,5.32E-07,0.411115683,0.083879555,-3.414991908,0.008906188,-0.46905224,0.279222033
-2.427580176,0.047844675,-6.193025288,3.16E-12,0.853937511,0.049030927,-4.752516683,0.00011544,-0.502051514,0.319008961
-2.433788399,0.09098978,-6.313522964,2.32E-10,0.763200951,0.070777986,-4.647785725,0.000528722,-0.497160428,0.32467804
-4.501715773,0.009050422,-5.924011142,1.71E-15,0.93689656,0.020178399,-3.411652109,0.000910138,-0.455868805,0.315662049
-7.0739759,0.003063072,-6.345719827,7.93E-24,-0.008431414,0.398462232,-3.219443476,3.10E-06,0.104713334,0.389879653
-2.978660963,2.44E-07,-6.60583984,2.31E-76,1.412188985,2.44E-08,-4.00851991,7.41E-29,-2.06021615,4.06E-05
-3.573270256,0.000150327,-6.832710916,1.98E-33,0.436233532,0.07909688,-3.11273961,5.43E-10,-0.955132033,0.052348639
-3.658911886,9.03E-10,-7.718838235,3.57E-74,0.939887463,7.76E-07,-3.918955526,4.82E-26,-1.205040927,0.011587138
-3.607171872,1.40E-07,-7.323258337,1.32E-52,0.655754058,0.001586964,-3.489624672,1.33E-16,-1.251180595,0.014794303
-3.901992544,1.39E-10,-6.15010726,2.28E-65,1.712618632,2.99E-09,-4.142772871,1.11E-26,-2.216708444,0.001047043
-3.347650289,0.004781695,-5.343155228,4.33E-28,1.119403264,0.007736225,-4.493480472,1.13E-08,-1.408654812,0.051628468
-3.9157809,3.13E-07,-5.682246692,9.68E-40,1.288942458,0.000407506,-4.650824394,7.49E-16,-2.132393076,0.000869432
-3.737269566,2.16E-11,-6.474376701,9.70E-82,2.005120104,7.26E-13,-3.983338141,3.83E-30,-2.303270981,0.000503667
-3.839231989,8.24E-11,-6.269583702,2.68E-71,1.820559929,1.01E-10,-4.093991106,3.75E-28,-2.259074234,0.00065875
-3.942356409,7.62E-09,-5.866274824,8.12E-49,1.452877588,8.18E-06,-4.448189417,3.69E-21,-2.209608457,0.000737275
-3.126143671,5.87E-05,-6.182837755,1.42E-47,1.038508258,0.001589803,-3.682020961,3.22E-12,-0.941115245,0.031345851
-2.816766759,7.60E-06,-6.738069368,9.35E-52,1.705859157,5.48E-06,-3.591170211,3.98E-20,-1.066207293,0.203534955
-2.960386837,0.015509127,-5.327921019,2.60E-24,1.711015041,0.000831596,-5.19341001,1.21E-08,-0.19198973,0.391096068
-2.584592006,0.029123749,-5.485871191,7.56E-22,1.5179085,0.001140615,-4.870458616,4.13E-07,-0.272084572,0.380525661
-2.200212177,0.07723997,-5.359358949,2.45E-18,1.583771243,0.00196156,-4.73752635,5.52E-06,0.887890087,0.298085093
-5.759247062,0.004641164,-9.33613444,1.79E-27,0.940654795,0.002770992,-1.869018995,3.79E-06,1.228605644,0.095024773
-4.051551412,0.003021583,-8.183554235,3.57E-46,1.966831977,9.75E-06,-2.777552686,8.29E-15,-0.534931959,0.287931954
-4.76434664,0.001171848,-7.893817655,8.38E-36,1.709196503,0.000319288,-2.851351824,8.77E-10,-0.868179278,0.258677791
-3.935567698,0.015792867,-8.426436106,5.01E-26,0.816713753,0.033421901,-2.597233771,1.66E-08,-0.285159924,0.347472615
-3.088685559,0.174440986,-10.35383781,5.82E-05,0.332023095,0.207429596,-3.507172866,0.088561689,-0.09657731,0.397434374
-3.020039128,0.041964543,-6.083336572,3.44E-20,0.700991302,0.016559445,-3.345968872,0.000244715,-0.728774671,0.192688825
-2.674266485,4.35E-05,-6.3566162,1.10E-53,0.69204728,0.00450553,-3.401597364,4.20E-10,-0.748065093,0.065725261
-2.779867835,2.67E-06,-6.50730336,1.05E-68,1.062369176,5.45E-06,-3.860884177,7.43E-22,-1.648756712,0.0001447
-5.499177724,0.120523008,-11.20631558,4.48E-06,1.02974324,0.122409954,-2.310933653,0.010874057,1.081998722,0.067021992
-3.616156483,1.28E-05,-6.041029639,2.03E-51,1.079488492,0.00187955,-3.995459603,4.64E-16,-1.602852592,0.002520642
-3.515391355,1.15E-09,-6.419205869,9.59E-77,1.803769005,2.44E-10,-4.088743093,2.90E-30,-2.329253016,0.000173899
-3.687023677,4.71E-11,-6.474384517,2.75E-81,1.989565437,1.40E-12,-4.010064371,2.02E-30,-2.322388248,0.000406423
-3.719934638,1.94E-08,-6.12500938,4.98E-61,1.490311817,1.17E-06,-4.256526292,2.56E-25,-2.231434454,0.000165263
-4.112925594,3.51E-08,-6.729408599,2.82E-44,0.381987142,0.072315464,-3.973204772,1.06E-14,-0.926574522,0.026244878
-4.486449752,0.000518825,-6.406316789,1.04E-25,-0.02512618,0.396460845,-4.091624476,1.20E-08,-0.524413257,0.200862994
-6.959209368,0.001041899,-6.403992855,1.42E-21,-0.269060355,0.250555012,-4.175057292,1.38E-07,-0.342358898,0.322222021
-3.882311055,1.02E-05,-6.389548122,1.32E-35,0.098706052,0.363438975,-3.198641753,2.46E-07,-0.515558358,0.186678133
-3.94917496,2.06E-08,-6.757319243,7.90E-49,0.468709707,0.026634986,-3.960128009,3.40E-16,-0.988364125,0.018479749
-2.866746851,0.200836954,-8.493730016,1.10E-11,1.254153545,0.014113287,-2.160096301,0.009416066,0.867583659,0.212833717
-3.466705891,0.015727096,-7.75453575,6.25E-21,1.385142815,0.001921511,-2.67744407,4.63E-07,-0.054133682,0.397242674
-6.239512008,0.190057325,-8.909673351,1.54E-05,0.915732779,0.159288477,-2.245073085,0.026283203,0.529514521,0.315018627
-2.86180085,0.156952662,-8.44633185,5.87E-14,1.246814877,0.041090847,-2.600034978,0.000132365,1.000955442,0.225923346
-5.287897201,0.013803333,-8.523549578,2.35E-17,0.864403821,0.055425254,-2.888652549,6.69E-05,0.049464563,0.39730309
-4.932270112,0.000287994,-8.107518306,7.86E-26,1.1983641,0.000233443,-2.897481756,7.90E-08,-0.110543751,0.389139407
-7.204090202,8.19E-05,-7.231172282,1.33E-47,1.532235311,0.000264593,-2.894290436,2.41E-12,0.354227169,0.310249271
-7.116703894,0.001018356,-7.265896031,2.24E-42,1.197286073,0.001437006,-3.121224506,5.04E-10,0.315508585,0.327313127
-6.88988195,0.001217038,-7.364193787,1.87E-42,1.310243107,0.000919961,-2.963193179,5.36E-10,0.591199003,0.220928277
-6.440153943,0.000226263,-7.575491637,4.12E-48,1.749856816,0.00023244,-2.699455162,7.96E-14,0.690856588,0.207752747
-7.609206371,2.31E-05,-7.113397022,7.11E-47,1.518795925,6.94E-05,-3.075002542,1.34E-11,-0.049319429,0.396074369
-5.193260647,0.000681728,-8.107304033,3.20E-46,1.806884771,4.15E-05,-2.75403213,7.52E-12,0.772640782,0.201926558
-6.952968242,0.000861514,-7.394441112,3.03E-43,1.40820075,0.000712589,-2.947193239,1.26E-10,0.639908062,0.20226244
-6.96389051,1.11E-06,-7.044894218,2.89E-52,1.586186282,5.79E-05,-2.409364813,5.01E-13,0.052273584,0.396670293
-3.891754126,0.192023707,-5.982271844,7.56E-05,0.188753933,0.285739404,-1.694640553,0.105048272,-0.492632573,0.290204642
-4.47587765,0.114176265,-6.485943626,2.18E-06,0.210924318,0.244976134,-2.426568556,0.026200527,-0.391340221,0.30988336
-3.109663373,0.221436465,-5.794167151,3.21E-05,0.124861767,0.334398428,-1.818662423,0.085090171,-0.338661298,0.329274663
-1.886841764,0.293118998,-5.897163918,0.000557744,0.068676942,0.375374754,-1.750764002,0.168342171,-0.228084633,0.371528467
-4.88631681,0.043912045,-8.507353835,1.92E-08,0.366964266,0.097643133,-3.849427701,0.001728473,-0.67335733,0.198770328
-4.691540508,0.047163785,-7.357566512,8.85E-08,0.264049153,0.164948528,-3.205575458,0.006096967,-0.471861712,0.265526583
-2.703568873,0.195089251,-8.127459808,0.000208304,0.203332835,0.285072361,-3.606562564,0.021107977,-0.512690281,0.287275004
-3.425864935,0.117245219,-8.619640385,3.66E-08,0.231077739,0.226233482,-3.732465328,0.004456,-0.654783605,0.171301139
-2.373920066,0.039447845,-6.076562215,3.01E-14,0.931164,0.033449922,-4.759877235,2.77E-05,-0.482276484,0.322448418
-2.487913416,0.071067108,-6.254653738,5.62E-11,0.759013303,0.064983575,-4.453423433,0.000243723,-0.542031497,0.309427882
-2.175262199,0.211530814,-6.325581286,2.04E-10,0.618489473,0.101863509,-3.012870471,0.005305536,-0.335252188,0.364431035
-1.975356284,0.246215965,-6.472964843,4.88E-09,0.675799866,0.095378,-4.337666936,0.002272472,-0.410981731,0.352009342
-1.821681343,0.295076942,-6.859317233,2.09E-07,0.769225194,0.103695027,-2.254760335,0.027998686,-0.167419896,0.390162121
-0.953351418,0.370322025,-6.895927242,1.86E-06,0.811981333,0.095452341,-3.326701991,0.012273163,-0.20414396,0.387625021
-2.585781271,0.003250924,-7.000964545,1.43E-34,1.240530965,0.005522874,-3.033975006,4.31E-09,-2.052426254,0.012985374
-2.563663025,0.033160413,-7.207774453,1.84E-23,1.115516887,0.03153192,-2.800929717,4.10E-06,-2.041687712,0.016803231
-2.816362776,8.85E-06,-6.933770056,8.04E-57,1.592008691,1.77E-06,-3.454284445,5.58E-20,-1.506683525,0.076253122
-2.607032911,0.010615381,-7.195681965,1.45E-29,1.047768057,0.014931435,-2.877375093,2.24E-07,-1.994435365,0.012781891
-2.86330361,1.05E-05,-7.236184105,2.61E-61,1.321107631,1.35E-05,-3.329687649,4.41E-18,-2.106135444,0.002303599
-3.976098145,2.23E-10,-7.544515641,1.46E-62,0.738035419,0.000114823,-3.89657604,8.46E-22,-0.944834708,0.03168291
-4.724751228,1.30E-06,-7.011612885,7.84E-45,0.444100576,0.02459493,-3.694417664,1.35E-14,-0.525664018,0.161615529
-3.755387726,5.20E-10,-7.708666918,2.10E-76,0.993605838,8.66E-08,-4.101062751,3.28E-28,-1.042162951,0.022762917
-3.949385618,2.07E-08,-7.23511877,9.59E-48,0.562013029,0.011061436,-3.555593073,5.63E-15,-0.964038045,0.035339822
-4.328933336,7.67E-11,-7.450973128,1.66E-58,0.674934595,0.000417936,-3.996581029,7.80E-21,-0.757438498,0.058177357
-4.476247868,0.010260161,-6.599579114,3.09E-23,0.360596462,0.129856231,-2.936917292,9.05E-07,-0.223478769,0.353689815
-3.493941156,5.29E-09,-7.601010892,3.54E-83,1.22119829,2.91E-09,-4.147968607,6.74E-31,-1.280970851,0.008233294
-3.485887829,6.99E-09,-7.487702297,8.02E-82,1.236400677,2.82E-09,-4.177924883,5.93E-31,-1.27556594,0.007539914
-4.045433223,0.000765651,-6.692158534,9.94E-29,0.37525271,0.127760265,-3.059013056,1.28E-08,-0.562037014,0.17705387
-3.785108266,6.85E-05,-6.837877787,2.69E-33,0.424980756,0.086114778,-3.161049791,6.00E-10,-0.840975573,0.071581313
-3.828576674,0.138621911,-6.72002166,1.46E-15,0.47677245,0.078230388,-2.576276428,1.59E-05,0.126823339,0.386662369
-4.186757028,2.23E-10,-7.317946653,5.27E-64,0.851270159,1.53E-06,-4.235637661,1.17E-23,-0.858272024,0.030701351
-6.229786552,1.70E-06,-7.188577016,6.60E-30,0.490124329,0.046476041,-3.096194443,8.40E-14,-0.752555617,0.171023923
-6.65820862,1.31E-05,-6.821834719,1.37E-29,0.751846799,0.014917387,-3.240195145,5.48E-11,-0.549670568,0.260264834
-4.289033764,0.039546041,-5.873018551,1.97E-11,0.089122489,0.370821353,-3.062002713,7.46E-06,-1.041945614,0.109573268
-5.584684102,0.000131135,-6.686715009,5.01E-19,0.223753746,0.249576795,-3.181915871,1.50E-10,-0.963934296,0.116843554
-5.03128908,0.014300635,-6.095140532,1.56E-12,0.142329959,0.333372757,-3.216925233,1.12E-05,-1.030613553,0.112515368
-6.183155529,6.58E-07,-7.359554569,3.87E-33,0.528225161,0.028257397,-3.002051183,9.73E-15,-0.706251048,0.180083019
-3.330065703,0.002243932,-5.350410672,4.92E-33,1.304726089,0.001362289,-5.058130465,1.04E-11,-1.660811907,0.024348214
-3.649784904,0.000138302,-5.41626628,1.66E-36,1.463750393,0.000500726,-5.119716737,3.54E-15,-1.717010582,0.031502843
-2.742105572,0.020965382,-5.424967563,2.75E-23,1.58688408,0.000695978,-4.961170446,1.19E-07,-0.382027109,0.364597477
-2.78243501,0.021413221,-5.35723099,7.01E-23,1.6717518,0.000615385,-5.02779401,9.21E-08,-0.103476265,0.39641601
-2.788992433,0.022963411,-5.332653904,1.24E-22,1.701241927,0.000753856,-5.063658884,8.45E-08,0.054873474,0.398056525
-3.912387033,3.36E-08,-5.694847216,5.06E-45,1.400282752,6.96E-05,-4.612144478,2.89E-20,-2.122163019,0.002722001
-3.227051341,0.006087409,-5.345874755,5.58E-28,1.665593063,0.000707541,-5.300826274,2.32E-10,-0.769722215,0.275254
-2.321164358,0.04328782,-5.78744519,8.65E-19,1.164999256,0.008510221,-4.739767263,2.49E-06,-0.403639259,0.34590788
-3.893816898,6.69E-10,-5.97319299,1.34E-58,1.556525482,7.08E-07,-4.232694412,4.09E-25,-2.117482643,0.002816855
-2.607435028,0.026348172,-5.588789823,2.98E-24,1.34154958,0.001839799,-4.65729834,1.70E-07,-0.784709742,0.229366459
-3.085808599,0.008060458,-5.360515251,7.35E-28,1.587587106,0.000477121,-5.147365587,1.87E-09,-0.990971979,0.196250286
-3.235422052,3.24E-08,-7.340447192,8.96E-88,1.487358642,3.66E-10,-4.082932207,1.84E-32,-1.785738598,0.000558533
-3.247604964,1.25E-08,-6.518933129,3.46E-78,1.698461824,9.88E-10,-4.059468908,1.37E-30,-2.299258693,7.17E-05
-3.260884426,6.01E-09,-6.971150986,7.72E-90,1.890069936,3.90E-12,-3.994582236,5.65E-33,-2.350617678,7.05E-05
-3.102133243,2.15E-07,-6.837787224,1.02E-75,1.156640048,1.40E-07,-4.039172587,5.21E-29,-1.597152775,0.000538422
-3.418752226,6.14E-10,-6.672260488,3.29E-86,1.991586686,1.82E-12,-3.999634177,3.53E-32,-2.39487329,0.000149587
-3.360730325,1.23E-09,-6.763125092,7.39E-88,1.983934554,1.62E-12,-3.991622832,1.41E-32,-2.402472812,0.000112742
-1.982838931,0.142553226,-6.80982092,8.82E-25,0.693370718,0.042256781,-2.581379326,1.49E-07,-1.535770537,0.042445847
-0.15169112,0.397686769,-6.540602081,4.52E-14,0.570146299,0.089643411,-2.041703494,0.000809981,-0.557739972,0.304302635
-3.410525226,3.24E-09,-7.780013142,2.37E-83,1.168018497,7.75E-08,-3.86427193,6.76E-28,-1.652578158,0.001761484
-0.043604425,0.398583188,-6.752601045,1.41E-07,0.754812291,0.131524915,-1.864934352,0.016040404,0.129567874,0.395574076
-3.519408309,5.22E-09,-7.66730921,2.20E-71,0.938549546,1.91E-06,-3.744507772,5.41E-24,-1.428355422,0.004797941
-3.037335764,0.000226105,-7.191288526,1.52E-44,0.749130536,0.001135035,-3.119647631,7.83E-13,-1.650818234,0.01134036
-3.26254766,5.25E-09,-7.659698857,7.88E-85,1.361677262,5.10E-08,-3.702453635,8.46E-27,-2.22210988,0.000189301
-1.28699508,0.324414562,-6.836018356,8.89E-18,0.748549802,0.089035514,-2.279591727,2.09E-05,-1.123838126,0.133620823
-2.151913454,0.092721667,-6.609103108,1.15E-26,0.48732143,0.066918167,-2.61045809,1.99E-08,-1.357021819,0.039197878
0.706729369,0.385074716,-6.752531211,7.14E-08,0.701361355,0.110245701,-1.874918832,0.013192556,0.317263061,0.379133876
-3.293832854,4.25E-08,-7.639028306,9.10E-73,1.087777843,1.39E-06,-3.599295062,2.97E-23,-1.821374138,0.001011174
-2.990953665,3.28E-05,-7.388443845,5.32E-53,1.021264884,0.000129016,-3.226397875,2.16E-14,-1.929714942,0.003336245
-3.913532704,0.001407325,-8.12027621,2.56E-46,1.557437294,5.03E-07,-3.121056663,4.51E-12,1.409656904,0.04194877
-3.812206022,0.001851007,-7.533144141,6.88E-43,2.069348228,8.31E-07,-2.939504106,5.09E-14,0.732770258,0.24105338
-4.613936456,0.00017413,-7.229685547,4.66E-32,1.955715424,4.41E-05,-2.733491937,1.02E-09,-0.1262016,0.391644287
-3.712823401,0.001763794,-7.911231872,2.86E-45,1.728095952,2.07E-07,-3.094737078,2.03E-13,1.384762668,0.040458059
-5.076268387,3.89E-06,-7.731351415,1.63E-40,1.475116021,1.02E-07,-2.987838889,2.92E-13,0.012828019,0.398488466
-4.464857906,0.000219634,-8.147805885,1.50E-44,1.446207993,8.88E-07,-3.232396218,7.95E-12,1.088435182,0.07643356
-4.264217447,0.000160318,-7.451262992,6.90E-41,1.895259427,1.35E-07,-2.916017622,1.01E-13,0.416044535,0.306190763
-4.484910687,4.39E-05,-7.852347913,3.69E-42,1.60694445,6.62E-08,-3.173779623,1.41E-13,0.812910878,0.092642451
-3.463288851,0.005685159,-8.10573336,1.01E-47,1.68196875,3.45E-07,-3.052710104,7.33E-13,1.578417348,0.036868176
-4.095853318,0.000593698,-7.422234466,1.55E-40,2.021010784,6.45E-07,-2.898091614,2.03E-13,0.482579884,0.304576675
-4.59116382,0.001173926,-7.278032671,3.96E-33,2.196175872,0.000175824,-2.813587247,8.77E-11,-0.029828167,0.398389638
-4.621316648,3.39E-05,-7.392117176,2.07E-37,1.771997337,1.11E-06,-2.821587268,8.80E-12,0.052483291,0.396910741
-7.195619483,2.22E-06,-6.826863447,2.03E-45,1.563936375,6.84E-06,-3.08375796,7.11E-12,-0.578679875,0.149234706
-7.366745594,9.59E-06,-6.975200869,3.41E-45,1.588350771,5.37E-06,-3.426076278,1.65E-11,-0.490263863,0.197185307
-6.479919269,9.03E-05,-6.687687255,7.62E-41,1.514613396,4.39E-05,-3.452908805,1.20E-10,-0.514661548,0.192337717
-7.367222704,1.12E-07,-6.8941108,1.22E-49,1.559551851,4.01E-06,-2.621786663,9.05E-13,-0.468222234,0.235989531
-6.693726904,0.000138136,-6.946900531,1.30E-43,1.381209215,3.26E-05,-3.809879573,5.87E-12,-0.344291384,0.294747915
-7.365872649,8.94E-07,-6.959810529,4.49E-50,1.563390658,1.31E-05,-2.706893494,1.33E-12,-0.28117583,0.327745936
-6.854815157,2.06E-05,-6.799989184,3.95E-43,1.552985928,1.60E-05,-3.384378949,2.50E-11,-0.559413852,0.161697799
-2.607510618,0.099197664,-5.940019199,1.25E-15,-0.132255135,0.364058461,-2.249090531,0.000864459,0.405712462,0.339813702
-1.267984818,0.302090445,-5.682158361,3.01E-10,-0.001606949,0.398630231,-1.421861627,0.040028201,-0.572047463,0.336882935
-4.027462368,0.005884877,-6.211528059,9.83E-23,0.600089783,0.071393807,-2.797387717,4.65E-06,0.46722549,0.275973375
-3.972513805,0.007368031,-6.092857161,7.03E-21,0.38485683,0.165333532,-2.868386392,1.19E-05,0.513640664,0.269175476
-5.927879532,0.005286007,-6.21463179,1.68E-20,-0.186560701,0.336855943,-3.189833448,4.92E-06,0.327622892,0.344673682
-5.499640386,0.002262205,-6.472346282,6.88E-31,0.590782788,0.02484881,-3.510614356,4.79E-08,0.247578945,0.352236339
-3.136069163,0.043086669,-6.034507523,9.12E-18,0.579843879,0.084402739,-2.319353731,0.000106686,0.224340952,0.379828376
-3.454925405,0.209459725,-6.078807404,6.27E-13,0.117185599,0.376625093,-2.342447857,3.35E-05,0.108235431,0.392673618
-5.929255045,0.135615164,-5.855522562,4.91E-10,0.840530343,0.042532178,-1.387237487,0.001863967,-0.18462141,0.386226051
-4.982182999,0.224248331,-6.012171426,6.20E-10,1.26556951,0.019105788,-1.255562942,0.006607912,0.427085211,0.354235859
-5.17920857,0.123184143,-6.194625823,3.15E-11,-0.27334146,0.297708786,-4.048745122,0.000190279,0.784320666,0.240397433
-5.264956536,0.184770593,-5.59799563,3.81E-08,0.628768657,0.102104171,-1.498024293,0.001557515,-0.588165213,0.317582018
-5.932354915,0.113399851,-5.9358229,8.81E-11,0.785215697,0.043259098,-1.439609621,0.001014689,-0.135934637,0.390552036
-6.004202417,0.078444854,-6.099659622,1.88E-12,0.772880776,0.032736544,-1.50807848,0.000463881,0.001475091,0.398633438
-5.484592556,0.001248313,-6.480447208,1.19E-34,1.282308344,0.00029715,-3.429090349,1.48E-07,-0.16564612,0.37258618
-6.862841539,4.93E-05,-6.36783585,1.62E-37,1.411246897,0.000518801,-3.305296199,1.80E-09,-0.517097232,0.196167849
-4.868503197,0.001003409,-6.41561712,8.08E-34,0.785473155,0.008442131,-3.189753998,3.14E-06,-0.044517293,0.396669362
-5.52555434,0.00066422,-6.396185965,3.05E-35,1.363560694,0.000259552,-3.416677894,4.28E-08,-0.24816078,0.340885093
-5.662778237,0.000114751,-6.17734671,2.69E-35,1.311721543,0.001608663,-3.442492726,5.37E-09,-0.449191453,0.231566728
-6.681733981,1.01E-05,-6.090812529,3.64E-36,1.246691381,0.002507067,-3.439530577,5.38E-09,-0.620054148,0.178444078
-4.259799272,0.00014047,-6.251757353,4.37E-38,1.178681594,0.001017525,-3.377692905,2.36E-08,-0.311106629,0.305904495
-5.676714954,3.44E-06,-8.244281681,3.49E-40,1.227139814,3.92E-06,-3.535658426,7.84E-13,0.256654343,0.353219222
-6.46529371,0.00094364,-7.839551768,1.91E-29,1.524648315,2.33E-05,-1.986817868,4.29E-09,-0.420170064,0.32559883
-5.773148342,7.71E-05,-7.73917657,6.87E-31,1.165310718,1.98E-05,-2.713057862,9.71E-13,-0.446735945,0.326959792
-5.849025878,0.000472845,-8.614186845,2.63E-34,0.920389728,0.002673948,-2.880463311,3.22E-10,0.039961462,0.397855656
-4.01470742,0.020275676,-7.268817565,2.13E-21,1.165327279,0.016292223,-1.919058253,2.28E-07,0.353891292,0.362177197
-3.177455347,0.075412747,-7.535785605,1.22E-15,1.267250508,0.022233787,-1.81471687,2.78E-05,0.594719156,0.321035832
-6.457370313,0.000101128,-7.431686125,1.54E-24,1.196596475,0.005357982,-3.138003955,7.18E-07,0.430537095,0.327577769
-7.665278922,0.000191648,-7.215869373,1.22E-43,1.333201161,0.000457774,-3.262838092,6.38E-11,0.081851234,0.392220409
-5.767036558,0.00081256,-7.100427959,6.01E-40,0.951309292,0.002614914,-3.233310517,9.02E-09,0.345457534,0.317358974
-7.821213586,4.08E-05,-7.148317977,5.28E-45,1.467270806,9.26E-05,-3.286946332,3.66E-11,-0.108659728,0.386015711
-7.997094605,5.45E-05,-7.176162551,4.80E-43,1.348436982,0.000259803,-3.551959599,3.94E-11,-0.164362886,0.371472601
-7.505057806,0.000452043,-7.219990576,5.99E-42,1.177221353,0.001650158,-3.319124835,2.29E-10,0.106642631,0.388568453
-7.529307705,4.39E-05,-7.108760279,9.49E-42,1.100601271,0.000734722,-3.696201697,9.27E-12,0.015627987,0.398389219
-7.715448572,2.38E-05,-7.108365716,4.51E-44,1.453260101,3.70E-05,-3.713698573,1.22E-11,-0.355356524,0.28481615
-7.814463361,4.46E-07,-5.976256038,6.32E-35,1.140887844,0.003283273,-3.355670822,1.18E-09,-0.578498233,0.268610602
-5.386814562,0.000235601,-5.519214441,1.26E-26,0.992263465,0.024471858,-3.831416164,4.71E-09,-1.175714119,0.098969892
-4.035482469,1.69E-05,-5.630761944,1.77E-35,1.083791848,0.006085752,-4.418311958,5.03E-12,-1.856521988,0.003010864
-4.577916408,0.003018433,-5.438900427,8.02E-19,1.04242655,0.021890168,-3.647724188,1.84E-05,-0.784509786,0.230089054
-7.308942986,1.08E-05,-5.992560803,6.15E-25,1.117007903,0.005446316,-3.273536678,3.37E-09,-0.305583766,0.361646247
-3.30587752,0.126134275,-5.838660734,4.49E-08,0.418457683,0.166985458,-1.681962404,0.070503692,-0.637240359,0.24843627
-2.943892071,0.142196244,-5.824713429,7.10E-07,0.252231247,0.240492556,-1.279052276,0.189017768,-0.92384508,0.15490551
-2.855884595,0.163640191,-6.43587724,2.62E-09,0.52129871,0.139529937,-1.638724831,0.083154843,-0.490421253,0.310664382
-2.288747433,0.264851425,-5.254441867,0.00055528,0.071317004,0.380670747,-1.302387122,0.172526627,-0.588487481,0.261546883
-1.304339556,0.364712673,-4.286680945,0.021092898,0.023661605,0.396747628,-1.045745453,0.264235574,-0.275020283,0.36212981
-5.824319239,2.00E-05,-7.42086456,1.59E-40,2.042382531,9.36E-07,-2.071524448,4.00E-10,-0.051230787,0.396890161
-6.119133388,9.58E-06,-7.312926768,8.07E-49,1.869422753,7.95E-06,-2.170779008,5.48E-12,0.191526892,0.376755521
-6.496093906,1.34E-06,-7.236084359,3.56E-45,1.846247781,4.94E-06,-2.064045579,2.14E-10,-0.052926455,0.39691729
-4.252345451,0.00092132,-7.962595164,7.05E-43,1.766958123,9.57E-06,-2.512323343,4.90E-14,-0.674290762,0.204017967
-5.224206029,5.67E-05,-7.608931237,4.43E-36,1.752495781,9.24E-07,-2.142915532,9.42E-10,-0.141832196,0.385815601
-4.81358715,0.000284399,-7.66482273,1.69E-39,2.001566125,8.02E-07,-2.216058697,6.72E-11,-0.261516944,0.355016031
-5.396757541,0.000161818,-7.869686578,8.67E-49,1.984126514,6.41E-06,-2.540629374,2.35E-15,0.181442234,0.380389095
-6.964037272,7.65E-08,-7.107482854,9.18E-49,1.681774408,1.05E-05,-2.121767313,7.34E-11,-0.195875536,0.376202723
-4.77215859,0.042006546,-6.630895373,2.07E-18,0.401705774,0.097295995,-2.832621103,1.91E-05,-0.031598363,0.397774105
-3.469404727,0.074567747,-6.169745188,1.23E-20,-0.085873487,0.370830658,-3.449014062,3.13E-05,-0.135004611,0.386104923
-5.45140557,0.091426132,-6.735647371,6.10E-14,0.602624494,0.064311815,-2.426385252,3.60E-05,0.201123348,0.372473195
-5.407421903,0.070096794,-6.559387657,5.25E-15,0.56025569,0.065939962,-2.219333791,2.03E-05,0.105147091,0.390895484
-3.605100203,0.05786696,-6.362395477,2.30E-27,0.141053769,0.311901411,-3.046618788,9.41E-07,-0.162838006,0.37836169
-5.916708897,0.094760028,-6.508357205,9.24E-14,0.855335159,0.030198039,-1.717696477,0.000350244,0.27363884,0.366296888
-5.567103443,0.126537797,-6.195165626,2.93E-12,1.147525373,0.012114276,-1.349174949,0.002338345,0.367033911,0.351981234
-3.626103326,1.27E-11,-6.800448772,3.97E-90,2.100446526,9.55E-14,-3.804563031,1.44E-30,-2.434055158,0.00017982
-3.486042271,7.72E-11,-7.045402924,1.55E-91,2.074251876,1.15E-13,-3.768572509,2.25E-30,-2.599953774,6.09E-05
-3.735107444,3.38E-11,-6.420467459,1.17E-79,1.82029873,3.57E-10,-3.873079694,2.61E-28,-2.133655603,0.001917802
-3.493261229,7.36E-11,-6.86908715,1.28E-87,1.983706694,7.31E-12,-3.71675039,6.07E-29,-2.353359549,0.000606664
-3.397960622,2.36E-10,-7.134353914,1.58E-89,1.976268373,1.64E-12,-3.708826989,6.13E-29,-2.589285379,0.0001198
-3.766198332,7.60E-12,-6.528343701,3.20E-84,2.009877881,6.92E-13,-3.895436376,8.93E-30,-2.276993037,0.000613323
-3.688361875,8.79E-12,-6.671279398,2.13E-88,2.102593812,6.62E-14,-3.867964533,9.63E-31,-2.366679612,0.000290364
-3.863842575,4.26E-11,-6.249865378,6.08E-72,1.775914487,5.68E-10,-4.022129351,1.22E-27,-2.178659215,0.001501644
-3.277171088,1.43E-09,-7.363625897,5.70E-88,1.762354424,7.61E-11,-3.67808267,1.27E-27,-2.59990032,0.000116144
-3.683051128,8.89E-10,-6.17377887,5.44E-69,1.60980462,2.68E-07,-3.999691439,1.29E-26,-1.94257942,0.006892524
-3.774851052,1.28E-11,-6.459567923,1.63E-81,1.903986765,1.97E-11,-3.883474089,6.92E-29,-2.20489496,0.001105535
-7.190678465,1.89E-08,-7.094958854,3.29E-49,1.633945058,9.60E-06,-2.191075798,2.98E-11,-0.316391153,0.342208457
-7.452883317,7.87E-09,-6.942186988,1.06E-49,1.55203614,6.83E-06,-2.413299904,1.83E-12,-0.485500889,0.258947824
-7.576491566,6.47E-08,-6.770124576,3.93E-46,1.494107222,1.73E-05,-2.784411044,4.13E-12,-0.587770996,0.191505123
-7.544122545,3.05E-09,-7.196022804,4.65E-47,1.487893711,2.81E-05,-2.703283752,1.97E-14,-0.36728277,0.327844702
-7.553009238,3.55E-09,-7.164729576,5.65E-48,1.559809064,1.89E-05,-2.499578438,5.06E-13,-0.417812015,0.307323454
-2.901126739,4.44E-06,-6.515827272,8.51E-52,1.676887259,3.05E-05,-3.826073109,6.21E-21,-0.889758553,0.247907036
-3.165951167,0.000152642,-5.858889075,8.51E-44,1.515467887,0.000248577,-4.578962806,4.09E-18,-0.861653938,0.228522395
-3.453308491,2.86E-05,-5.690906724,2.10E-44,1.47735268,0.000178491,-4.652065301,4.64E-19,-1.35004899,0.082504832
-3.280323823,1.45E-09,-7.049786556,1.06E-83,1.885062338,7.83E-11,-3.63932139,6.64E-27,-2.3036705,0.001703961
-3.19269092,3.03E-08,-6.624666768,1.16E-71,1.73451289,2.01E-07,-3.72795933,1.64E-25,-1.603907628,0.046741918
-3.097773093,3.40E-08,-7.009078654,7.01E-75,1.780299791,3.36E-09,-3.580887115,1.29E-24,-1.958360919,0.014600148
-2.925229278,8.40E-06,-6.387436166,1.02E-49,1.62881935,8.10E-05,-3.968121207,2.26E-20,-0.794312609,0.270855782
-6.220692491,6.71E-07,-7.793369102,1.13E-41,1.526370246,3.38E-07,-2.36715246,2.29E-12,-0.24428643,0.359041531
-5.275904612,1.19E-05,-7.808630208,8.44E-37,0.490191474,0.023593549,-2.606956955,9.40E-13,-0.47328438,0.253804797
-6.470991715,1.39E-07,-7.795450749,1.71E-44,1.460580242,5.13E-07,-2.475877422,1.72E-13,-0.304520786,0.338130686
-5.704554138,1.77E-06,-7.91996018,2.84E-40,0.730837767,0.001114867,-2.593846771,1.88E-13,-0.423880896,0.278910395
-6.211630112,2.00E-07,-7.873377128,6.38E-44,1.008116132,3.56E-05,-2.650031694,1.18E-14,-0.409821267,0.289325749
-5.314019076,1.26E-05,-7.934644862,2.19E-37,0.98779311,5.06E-05,-2.375773938,3.37E-11,-0.226684459,0.362762831
-3.172154863,2.15E-08,-6.808817606,3.51E-85,1.740077578,9.12E-11,-4.033793449,1.53E-32,-2.256459291,7.29E-05
-3.166301946,4.20E-08,-7.05603146,7.28E-87,1.617596213,1.73E-10,-4.059381831,7.41E-33,-2.037677005,0.000134066
-3.368561193,2.38E-08,-7.209803583,2.65E-79,1.247014982,7.20E-09,-4.165009306,9.76E-31,-1.384756703,0.0033232
-3.118084416,1.42E-07,-6.911411715,2.73E-79,1.301267274,1.33E-08,-4.074390928,6.81E-31,-1.711508817,0.000363064
-3.248644018,0.010048638,-7.899805221,5.89E-48,1.996694283,1.06E-06,-3.004749,7.45E-15,1.226338755,0.121694396
-3.140102017,0.014825133,-8.126727762,7.90E-49,1.843163843,4.74E-07,-3.008318842,3.78E-14,1.489186702,0.059957504
-3.275081603,0.016029314,-8.302160562,1.84E-48,1.962145263,1.30E-06,-2.938374892,1.32E-14,0.972686327,0.155786158
-3.637462679,0.006929154,-8.319242995,3.33E-49,1.730306872,7.62E-07,-2.88625723,4.64E-12,1.222627998,0.081504383
-3.374690917,0.009945947,-8.26055647,2.24E-49,1.694398514,3.21E-07,-2.97097274,1.35E-12,1.482824372,0.049936362
-3.115418876,0.017616072,-8.133260249,7.30E-49,2.004584439,1.83E-06,-2.984613219,4.61E-15,1.090608955,0.151655184
-3.792583082,0.007154109,-8.336601336,5.85E-48,1.963989232,3.61E-06,-2.871501474,4.66E-14,0.710443614,0.22467459
-3.732680437,0.007062271,-8.333551318,2.36E-48,1.834254574,2.32E-06,-2.864189863,1.19E-12,1.024053866,0.126351737
-3.238543336,0.015443663,-8.203072379,2.13E-48,2.061241921,3.67E-06,-2.957167749,3.58E-15,0.72707559,0.252279012
-3.548594513,0.006153442,-7.734990347,1.90E-45,2.14124247,5.99E-06,-2.955573296,4.61E-14,0.752273011,0.275304094
-4.783080648,0.001862846,-7.492163765,2.18E-33,2.224633294,0.000602552,-2.887820078,1.20E-10,-0.235962865,0.389221628
-5.241288565,0.001599598,-7.459823125,7.51E-30,2.195024554,0.0021688,-2.884252159,7.23E-10,-0.535266084,0.356882977
-4.172772056,0.0029288,-7.583105451,4.07E-39,2.222833167,7.69E-05,-2.906721091,5.09E-12,0.175632029,0.392473078
-5.157891714,0.001390486,-7.239926768,5.70E-28,2.201545654,0.002332443,-2.782115899,3.04E-09,-0.531581342,0.343180326
-6.020823079,0.001745107,-7.490837141,2.95E-25,2.086571753,0.010336648,-2.893990231,9.99E-09,-1.109100029,0.268621295
-6.225745322,0.000284016,-7.583342054,3.63E-40,1.302119422,0.000512559,-2.80706082,2.37E-09,0.743535209,0.188180715
-5.640897496,0.000860655,-7.262653423,4.22E-30,1.070314953,0.004089208,-3.086556221,3.44E-06,0.628713223,0.256101021
-6.324705621,0.002231871,-7.299381839,1.08E-38,1.080185435,0.003919506,-2.914135385,1.21E-07,0.572433714,0.250337274
-6.403245736,0.000985991,-7.588543491,1.48E-40,1.419659267,0.000503768,-2.786490555,1.42E-09,0.822196195,0.160324561
-3.495565855,0.134850171,-8.326077026,8.41E-10,0.77399563,0.09220578,-0.961957742,0.063963413,1.925270752,0.040951281
-3.016498302,0.191508973,-7.724970018,1.19E-07,0.809058789,0.111758347,-0.821340877,0.106033141,2.206720768,0.053538184
-3.156627681,0.183079687,-7.704803692,8.26E-10,0.989582547,0.045737976,-0.837474841,0.080623317,2.116637301,0.052344778
-3.750568741,0.123982078,-8.009640309,4.11E-15,1.168297309,0.005442815,-0.97936404,0.029403836,1.809155163,0.059937166
-6.584244863,4.78E-07,-7.487488371,1.42E-42,1.81675116,7.12E-07,-2.185215453,4.77E-11,-0.190451494,0.375778311
-7.536619274,4.38E-09,-7.022940478,7.92E-49,1.558622485,1.19E-05,-2.413888799,1.94E-12,-0.4706268,0.278238966
-5.759980169,6.32E-06,-7.713429576,5.19E-38,1.619516256,4.81E-07,-2.234873729,7.46E-11,-0.162306281,0.381367406
-6.081551681,3.20E-06,-7.592882421,2.07E-39,1.830230585,3.13E-07,-2.179790183,8.94E-11,-0.145354963,0.384691731
-7.100408487,2.86E-08,-7.360515932,1.41E-46,1.682313982,3.71E-06,-2.282236524,9.18E-12,-0.311258346,0.344010171
-6.103754731,5.09E-06,-7.46404998,6.12E-40,1.951726668,6.78E-07,-2.102467643,2.78E-10,-0.10382573,0.39153032
-5.522721919,2.26E-05,-7.598275797,5.66E-37,1.808418212,5.35E-07,-2.146009006,4.71E-10,-0.126000437,0.388336334
-5.089824855,3.49E-05,-8.092989146,1.97E-44,1.342369988,1.58E-07,-3.296853465,4.09E-13,0.525958116,0.272942303
-4.198810427,0.000812378,-8.236258338,2.56E-50,1.493749335,1.53E-07,-3.023955005,1.39E-11,1.114229735,0.092096072
-5.008343766,0.000132554,-7.987309595,2.61E-47,1.502218931,7.86E-07,-2.851528616,5.60E-11,0.849029673,0.149932597
-6.491193331,3.87E-05,-7.625180557,2.50E-32,1.343921826,0.000114936,-3.192873416,5.59E-12,0.150102885,0.388689401
-6.729703623,5.50E-05,-7.497727085,4.39E-33,1.23602528,0.003374322,-3.07531452,1.05E-08,0.557078228,0.276488253
-3.783328222,0.095877852,-8.561901056,3.11E-14,0.809981881,0.046511288,-1.047296647,0.029140346,1.762916522,0.040717619
-3.269715359,5.10E-09,-7.394237298,4.77E-93,1.773495645,5.78E-12,-3.897502794,1.89E-31,-2.438974909,4.53E-05
-3.338686647,7.97E-09,-7.719334194,1.46E-88,1.319965225,3.46E-09,-3.979027432,2.31E-30,-1.71405837,0.001391586
-3.273510824,5.07E-09,-7.134964243,6.30E-92,1.889901923,1.69E-12,-3.960872426,1.04E-32,-2.39136226,5.25E-05
-3.31649582,5.61E-09,-7.736710741,6.48E-89,1.346707659,6.96E-09,-3.889726448,2.24E-29,-1.931093755,0.000569921
-3.371587702,8.68E-10,-7.04374332,1.68E-92,2.035928953,1.33E-13,-3.915379958,1.88E-32,-2.508689286,4.81E-05
-3.27535387,3.38E-09,-7.60977136,1.30E-90,1.552249655,8.53E-10,-3.794091758,6.27E-29,-2.406570307,8.90E-05
-3.289044632,3.64E-09,-7.262538029,5.06E-93,1.876061208,1.20E-12,-3.91429309,4.67E-32,-2.468254485,3.88E-05
-3.325452167,1.07E-09,-7.379028871,8.26E-92,1.837891964,5.24E-12,-3.772107784,1.26E-29,-2.659677458,3.41E-05
-3.470726178,1.65E-10,-6.92883326,4.34E-92,2.119141013,3.29E-14,-3.892850159,3.49E-32,-2.513826935,6.97E-05
-3.217826374,2.10E-08,-7.341646112,7.46E-91,1.636772139,5.33E-11,-4.012481797,1.78E-32,-2.08797375,0.000149925
-3.270512859,7.14E-09,-7.64366003,2.59E-91,1.495268487,7.08E-10,-3.886940556,4.17E-30,-2.16909418,0.000189743
-3.245057831,9.62E-09,-7.437760345,1.37E-92,1.68579438,2.19E-11,-3.934248051,1.19E-31,-2.291670918,7.84E-05
-3.377907803,6.99E-10,-7.145346619,3.73E-93,2.022060399,1.09E-13,-3.871667845,7.26E-32,-2.579665988,3.27E-05
-3.240181893,1.04E-08,-7.341714319,2.42E-92,1.738480776,1.07E-11,-3.957736992,3.47E-32,-2.291120519,7.01E-05
-3.400896809,5.74E-10,-6.89456509,5.35E-91,2.060700582,1.69E-13,-3.943327292,1.27E-32,-2.460794223,8.29E-05
-3.476275091,3.26E-09,-7.762721048,3.55E-84,1.16784937,1.44E-08,-4.020009792,1.16E-29,-1.394934735,0.005702301
-3.57221107,4.82E-11,-6.717037761,4.10E-89,2.120578918,5.46E-14,-3.926763085,8.42E-32,-2.414479985,0.000191461
-3.555795687,4.04E-11,-6.862828325,1.36E-91,2.147542784,1.90E-14,-3.862809509,1.12E-31,-2.49513654,9.58E-05
-3.261316632,6.33E-09,-7.35242938,6.66E-93,1.783177888,4.95E-12,-3.922582649,7.39E-32,-2.395995574,4.97E-05
-3.34716924,1.20E-09,-7.201289255,3.16E-93,1.974038933,2.31E-13,-3.876967509,8.18E-32,-2.567853277,3.10E-05
-3.506440612,6.50E-11,-7.009092044,3.99E-92,2.107876034,4.16E-14,-3.80139269,5.60E-31,-2.587212597,5.37E-05
-3.315085351,1.86E-09,-7.347301871,4.27E-93,1.865388618,1.50E-12,-3.844961228,5.85E-31,-2.58715491,2.95E-05
-3.270886477,4.45E-09,-7.524030594,1.91E-92,1.664694591,5.37E-11,-3.851414216,2.65E-30,-2.437071462,5.89E-05
-3.403166485,3.62E-10,-7.188275255,8.69E-93,2.017649315,1.39E-13,-3.810672675,6.48E-31,-2.652564122,2.90E-05
-3.260393071,1.07E-08,-7.608527151,1.71E-91,1.504316865,3.69E-10,-3.935288911,7.61E-31,-2.081978496,0.000242847
-3.293875346,1.31E-08,-7.637832666,9.73E-90,1.400249981,9.56E-10,-4.002878593,3.85E-31,-1.793310446,0.000870793
-3.512122336,6.97E-11,-6.965573096,2.37E-92,2.130466979,2.24E-14,-3.838529199,1.56E-31,-2.557729033,5.80E-05
-3.280460245,3.77E-09,-7.430025359,5.49E-93,1.764874416,7.79E-12,-3.865333144,6.43E-31,-2.494548808,4.08E-05
-3.398354657,3.30E-10,-7.213654357,3.87E-92,1.991620751,3.14E-13,-3.777300308,2.89E-30,-2.671932402,3.31E-05
-3.252511493,8.03E-09,-7.495911295,1.28E-92,1.655000299,3.91E-11,-3.909032444,3.73E-31,-2.314183113,8.03E-05
-3.240004769,1.65E-08,-7.50581777,2.11E-91,1.554039957,1.35E-10,-3.983824706,9.72E-32,-2.044958125,0.000230603
-3.372616632,6.84E-10,-7.214683616,3.86E-93,1.990077519,1.82E-13,-3.840202686,2.66E-31,-2.624274212,2.76E-05
-3.312822533,2.24E-09,-7.261709799,3.19E-93,1.910085218,6.44E-13,-3.88856973,8.62E-32,-2.530513211,3.27E-05